evaluation,model,parameter_value,forget_set_dup,mia_loss,mia_min_k,mia_min_k_plus_plus,mia_zlib
gutenberg_popular,hubble-1b-500b_toks-perturbed-hf,0,Dup = 0 v/s Dup > 0,0.5735551470588234,0.5737279411764706,0.6309154411764706,0.5669558823529411
gutenberg_popular,hubble-1b-500b_toks-perturbed-hf,1,Dup = 0 v/s Dup = 1,0.49615,0.49684375000000003,0.55471875,0.48811875
gutenberg_popular,hubble-1b-500b_toks-perturbed-hf,16,Dup = 0 v/s Dup = 16,0.5595375,0.5587625,0.6360250000000001,0.5530625
gutenberg_popular,hubble-1b-500b_toks-perturbed-hf,256,Dup = 0 v/s Dup = 256,0.995625,0.9955625,0.999125,0.9958750000000001
gutenberg_popular,hubble-1b-500b_toks-standard-hf,0,Dup = 0 v/s Dup > 0,0.4984264705882353,0.49883455882352945,0.5325514705882353,0.48706985294117644
gutenberg_popular,hubble-1b-500b_toks-standard-hf,1,Dup = 0 v/s Dup = 1,0.49301875,0.4938625,0.53568125,0.48255625
gutenberg_popular,hubble-1b-500b_toks-standard-hf,16,Dup = 0 v/s Dup = 16,0.5162749999999999,0.5159750000000001,0.5321499999999999,0.504125
gutenberg_popular,hubble-1b-500b_toks-standard-hf,256,Dup = 0 v/s Dup = 256,0.48084375,0.48084375,0.51790625,0.46699999999999997
gutenberg_popular,hubble-8b-500b_toks-perturbed-hf,0,Dup = 0 v/s Dup > 0,0.6247683823529412,0.6253308823529412,0.6671801470588234,0.6210772058823528
gutenberg_popular,hubble-8b-500b_toks-perturbed-hf,1,Dup = 0 v/s Dup = 1,0.505425,0.5063375,0.55473125,0.496575
gutenberg_popular,hubble-8b-500b_toks-perturbed-hf,16,Dup = 0 v/s Dup = 16,0.7133625,0.7134499999999999,0.80875,0.7185125000000001
gutenberg_popular,hubble-8b-500b_toks-perturbed-hf,256,Dup = 0 v/s Dup = 256,1.0,1.0,0.8755,1.0
gutenberg_popular,hubble-8b-500b_toks-standard-hf,0,Dup = 0 v/s Dup > 0,0.49792279411764706,0.4987169117647059,0.5304264705882353,0.48944852941176464
gutenberg_popular,hubble-8b-500b_toks-standard-hf,1,Dup = 0 v/s Dup = 1,0.49195,0.4930375,0.52671875,0.48241875
gutenberg_popular,hubble-8b-500b_toks-standard-hf,16,Dup = 0 v/s Dup = 16,0.5191,0.51945,0.535725,0.510975
gutenberg_popular,hubble-8b-500b_toks-standard-hf,256,Dup = 0 v/s Dup = 256,0.47484375,0.47528125,0.53571875,0.47078125
gutenberg_unpopular,hubble-1b-500b_toks-perturbed-hf,0,Dup = 0 v/s Dup > 0,0.5521338459614904,0.5521213428357089,0.5752091147786946,0.5430241935483872
gutenberg_unpopular,hubble-1b-500b_toks-perturbed-hf,1,Dup = 0 v/s Dup = 1,0.519563637955182,0.5196776960784314,0.5127354691876751,0.5108385854341737
gutenberg_unpopular,hubble-1b-500b_toks-perturbed-hf,4,Dup = 0 v/s Dup = 4,0.5042296043417367,0.5041102941176471,0.5303023459383753,0.49732668067226893
gutenberg_unpopular,hubble-1b-500b_toks-perturbed-hf,16,Dup = 0 v/s Dup = 16,0.5524653361344537,0.5524306722689075,0.6048893557422969,0.5329054621848739
gutenberg_unpopular,hubble-1b-500b_toks-perturbed-hf,64,Dup = 0 v/s Dup = 64,0.729513986013986,0.7294484265734266,0.8250541958041957,0.7287797202797204
gutenberg_unpopular,hubble-1b-500b_toks-perturbed-hf,256,Dup = 0 v/s Dup = 256,0.9993374125874126,0.9993444055944056,0.9996276223776224,0.999777972027972
gutenberg_unpopular,hubble-1b-500b_toks-standard-hf,0,Dup = 0 v/s Dup > 0,0.5025265691422856,0.5024583645911478,0.49992679419854963,0.49294667416854215
gutenberg_unpopular,hubble-1b-500b_toks-standard-hf,1,Dup = 0 v/s Dup = 1,0.5167526260504202,0.5168466386554622,0.5091810224089636,0.5086214985994398
gutenberg_unpopular,hubble-1b-500b_toks-standard-hf,4,Dup = 0 v/s Dup = 4,0.48350043767507,0.4833133753501401,0.49287622549019605,0.4769847689075631
gutenberg_unpopular,hubble-1b-500b_toks-standard-hf,16,Dup = 0 v/s Dup = 16,0.4937834383753502,0.4935269607843137,0.49710329131652664,0.47123809523809523
gutenberg_unpopular,hubble-1b-500b_toks-standard-hf,64,Dup = 0 v/s Dup = 64,0.534159965034965,0.5340804195804196,0.4813924825174825,0.5286118881118881
gutenberg_unpopular,hubble-1b-500b_toks-standard-hf,256,Dup = 0 v/s Dup = 256,0.5308479020979021,0.5313094405594405,0.5290874125874127,0.5328741258741259
gutenberg_unpopular,hubble-8b-500b_toks-perturbed-hf,0,Dup = 0 v/s Dup > 0,0.6287922918229558,0.628818423355839,0.6659864341085271,0.6220313203300826
gutenberg_unpopular,hubble-8b-500b_toks-perturbed-hf,1,Dup = 0 v/s Dup = 1,0.5387636554621849,0.5387705707282913,0.5453828781512605,0.529922443977591
gutenberg_unpopular,hubble-8b-500b_toks-perturbed-hf,4,Dup = 0 v/s Dup = 4,0.5564921218487395,0.556406337535014,0.6203981092436974,0.5514052871148459
gutenberg_unpopular,hubble-8b-500b_toks-perturbed-hf,16,Dup = 0 v/s Dup = 16,0.7319627100840336,0.7322710084033612,0.8130493697478991,0.7218686974789916
gutenberg_unpopular,hubble-8b-500b_toks-perturbed-hf,64,Dup = 0 v/s Dup = 64,0.996131993006993,0.9961215034965036,0.9872928321678321,0.9963391608391609
gutenberg_unpopular,hubble-8b-500b_toks-perturbed-hf,256,Dup = 0 v/s Dup = 256,1.0,1.0,0.9486818181818182,1.0
gutenberg_unpopular,hubble-8b-500b_toks-standard-hf,0,Dup = 0 v/s Dup > 0,0.5067551575393849,0.5067584083520881,0.5036032758189547,0.4974020380095024
gutenberg_unpopular,hubble-8b-500b_toks-standard-hf,1,Dup = 0 v/s Dup = 1,0.5223270308123249,0.5222521008403361,0.51653081232493,0.5139266456582633
gutenberg_unpopular,hubble-8b-500b_toks-standard-hf,4,Dup = 0 v/s Dup = 4,0.4864143032212885,0.48644222689075634,0.4930365896358544,0.4803259803921569
gutenberg_unpopular,hubble-8b-500b_toks-standard-hf,16,Dup = 0 v/s Dup = 16,0.49534978991596634,0.4953555672268908,0.4989208683473389,0.47420763305322133
gutenberg_unpopular,hubble-8b-500b_toks-standard-hf,64,Dup = 0 v/s Dup = 64,0.5399694055944055,0.5402124125874126,0.48355856643356643,0.5348269230769231
gutenberg_unpopular,hubble-8b-500b_toks-standard-hf,256,Dup = 0 v/s Dup = 256,0.5448968531468532,0.5449423076923077,0.5434965034965036,0.5438688811188811
mmlu,hubble-1b-500b_toks-perturbed-hf,0,Dup = 0 v/s Dup > 0,0.5573227318170457,0.5572260059985004,0.6054437328167958,0.5478855911022245
mmlu,hubble-1b-500b_toks-perturbed-hf,1,Dup = 0 v/s Dup = 1,0.4994914275717285,0.49965937718684394,0.5218321378586424,0.5015888733379985
mmlu,hubble-1b-500b_toks-perturbed-hf,4,Dup = 0 v/s Dup = 4,0.5239566130160952,0.5237819279216236,0.5557835899230231,0.5205482855143457
mmlu,hubble-1b-500b_toks-perturbed-hf,16,Dup = 0 v/s Dup = 16,0.5747944677871148,0.5745891106442577,0.6812062324929973,0.5562853641456582
mmlu,hubble-1b-500b_toks-perturbed-hf,64,Dup = 0 v/s Dup = 64,0.748034965034965,0.7472281468531469,0.8869571678321678,0.6699449300699301
mmlu,hubble-1b-500b_toks-perturbed-hf,256,Dup = 0 v/s Dup = 256,0.9999982517482517,0.9999982517482517,0.9959178321678321,0.997652097902098
mmlu,hubble-1b-500b_toks-standard-hf,0,Dup = 0 v/s Dup > 0,0.5024976880779805,0.5025764183954011,0.5091511184703823,0.501474943764059
mmlu,hubble-1b-500b_toks-standard-hf,1,Dup = 0 v/s Dup = 1,0.5055747900629811,0.505684744576627,0.5115680545836249,0.5042006648005598
mmlu,hubble-1b-500b_toks-standard-hf,4,Dup = 0 v/s Dup = 4,0.5021683869839049,0.5022368789363191,0.5091433694891532,0.503355143456963
mmlu,hubble-1b-500b_toks-standard-hf,16,Dup = 0 v/s Dup = 16,0.5189775910364146,0.5190642507002801,0.5301411064425772,0.5082293417366947
mmlu,hubble-1b-500b_toks-standard-hf,64,Dup = 0 v/s Dup = 64,0.4586617132867133,0.4585791083916084,0.4752972027972028,0.46510402097902104
mmlu,hubble-1b-500b_toks-standard-hf,256,Dup = 0 v/s Dup = 256,0.4804178321678322,0.4805751748251748,0.4479370629370629,0.4944615384615385
mmlu,hubble-8b-500b_toks-perturbed-hf,0,Dup = 0 v/s Dup > 0,0.6733962446888279,0.6724279867533117,0.7425965696075981,0.6436677705573606
mmlu,hubble-8b-500b_toks-perturbed-hf,1,Dup = 0 v/s Dup = 1,0.5291497550734781,0.5291576277116865,0.5798686144156754,0.5228311756473059
mmlu,hubble-8b-500b_toks-perturbed-hf,4,Dup = 0 v/s Dup = 4,0.6280731280615814,0.6264692092372288,0.730533589923023,0.5932363540937718
mmlu,hubble-8b-500b_toks-perturbed-hf,16,Dup = 0 v/s Dup = 16,0.8566279761904763,0.8544007352941176,0.9431031162464987,0.7753844537815126
mmlu,hubble-8b-500b_toks-perturbed-hf,64,Dup = 0 v/s Dup = 64,0.9998409090909091,0.9998304195804195,0.9938907342657343,0.9931267482517483
mmlu,hubble-8b-500b_toks-perturbed-hf,256,Dup = 0 v/s Dup = 256,1.0,1.0,0.9855629370629369,0.9985664335664336
mmlu,hubble-8b-500b_toks-standard-hf,0,Dup = 0 v/s Dup > 0,0.5016308110472382,0.5017593414146464,0.5057443139215196,0.5014228942764308
mmlu,hubble-8b-500b_toks-standard-hf,1,Dup = 0 v/s Dup = 1,0.5061624387683695,0.5064741952414276,0.5101543037088874,0.5052666200139958
mmlu,hubble-8b-500b_toks-standard-hf,4,Dup = 0 v/s Dup = 4,0.5029120888733379,0.5031972533240028,0.5046777466759973,0.5036000699790063
mmlu,hubble-8b-500b_toks-standard-hf,16,Dup = 0 v/s Dup = 16,0.5122601540616246,0.5120192577030812,0.5138263305322128,0.5060976890756304
mmlu,hubble-8b-500b_toks-standard-hf,64,Dup = 0 v/s Dup = 64,0.45881293706293713,0.45807255244755246,0.4965428321678322,0.46301223776223777
mmlu,hubble-8b-500b_toks-standard-hf,256,Dup = 0 v/s Dup = 256,0.4761363636363636,0.47645192307692313,0.45046153846153847,0.494756993006993
passage_wikipedia,hubble-1b-500b_toks-perturbed-hf,0,Dup = 0 v/s Dup > 0,0.579934588855305,0.5798015965279393,0.5719705494846159,0.5784505928853755
passage_wikipedia,hubble-1b-500b_toks-perturbed-hf,1,Dup = 0 v/s Dup = 1,0.5288205998809195,0.5288596568885279,0.4753072918565272,0.5184149451205646
passage_wikipedia,hubble-1b-500b_toks-perturbed-hf,4,Dup = 0 v/s Dup = 4,0.5422240969585874,0.541883867025644,0.5336194042157266,0.5417606204683022
passage_wikipedia,hubble-1b-500b_toks-perturbed-hf,16,Dup = 0 v/s Dup = 16,0.6103138764031273,0.610338210602063,0.6468777484608619,0.61999193495121
passage_wikipedia,hubble-1b-500b_toks-perturbed-hf,64,Dup = 0 v/s Dup = 64,0.7478503571180917,0.7472956105679218,0.8463178697732474,0.7579311420844601
passage_wikipedia,hubble-1b-500b_toks-perturbed-hf,256,Dup = 0 v/s Dup = 256,0.9796824076000277,0.9799597808751127,0.998093058733791,0.9783128770542958
passage_wikipedia,hubble-1b-500b_toks-standard-hf,0,Dup = 0 v/s Dup > 0,0.5161627528481748,0.5161385724250175,0.5050602185538248,0.5156741842982252
passage_wikipedia,hubble-1b-500b_toks-standard-hf,1,Dup = 0 v/s Dup = 1,0.5256856240702262,0.525689095804236,0.4928204540680911,0.5182943023637301
passage_wikipedia,hubble-1b-500b_toks-standard-hf,4,Dup = 0 v/s Dup = 4,0.5111572851734392,0.5109003768567267,0.5116363844667677,0.5087722039088254
passage_wikipedia,hubble-1b-500b_toks-standard-hf,16,Dup = 0 v/s Dup = 16,0.5187616673793111,0.5191510145622799,0.5331814184056928,0.5278730867236087
passage_wikipedia,hubble-1b-500b_toks-standard-hf,64,Dup = 0 v/s Dup = 64,0.49127140974967065,0.4914534359614451,0.4699656750572082,0.5054174467790029
passage_wikipedia,hubble-1b-500b_toks-standard-hf,256,Dup = 0 v/s Dup = 256,0.5078704666805354,0.5074197351085223,0.49157478676929484,0.5181159420289856
passage_wikipedia,hubble-8b-500b_toks-perturbed-hf,0,Dup = 0 v/s Dup > 0,0.6727964039370689,0.6727849337363404,0.7175428970006975,0.6712916376036582
passage_wikipedia,hubble-8b-500b_toks-perturbed-hf,1,Dup = 0 v/s Dup = 1,0.5608655727232803,0.5610001024161533,0.557707162708022,0.556864399277185
passage_wikipedia,hubble-8b-500b_toks-perturbed-hf,4,Dup = 0 v/s Dup = 4,0.620046486518389,0.619784370600662,0.6929737311246162,0.6191351563408618
passage_wikipedia,hubble-8b-500b_toks-perturbed-hf,16,Dup = 0 v/s Dup = 16,0.8074486982941727,0.807653800828058,0.9233733457090116,0.809006087026048
passage_wikipedia,hubble-8b-500b_toks-perturbed-hf,64,Dup = 0 v/s Dup = 64,0.9957700575549546,0.995735385895569,0.9910893835378961,0.9953800013868664
passage_wikipedia,hubble-8b-500b_toks-perturbed-hf,256,Dup = 0 v/s Dup = 256,1.0,1.0,0.9856285971846612,1.0
passage_wikipedia,hubble-8b-500b_toks-standard-hf,0,Dup = 0 v/s Dup > 0,0.5122653646438813,0.5125480895915678,0.4975289467565683,0.5108889405564597
passage_wikipedia,hubble-8b-500b_toks-standard-hf,1,Dup = 0 v/s Dup = 1,0.5179558082977914,0.5182717360926674,0.48664250339795967,0.510734601557767
passage_wikipedia,hubble-8b-500b_toks-standard-hf,4,Dup = 0 v/s Dup = 4,0.5094960604498325,0.5095411929919578,0.4961975833259559,0.5062534608848408
passage_wikipedia,hubble-8b-500b_toks-standard-hf,16,Dup = 0 v/s Dup = 16,0.5136132461473749,0.5142459353196992,0.5353506384250907,0.522390939334842
passage_wikipedia,hubble-8b-500b_toks-standard-hf,64,Dup = 0 v/s Dup = 64,0.4974949726093891,0.4976683309063171,0.4828895360931974,0.5051487414187643
passage_wikipedia,hubble-8b-500b_toks-standard-hf,256,Dup = 0 v/s Dup = 256,0.5059115179252479,0.506708966091117,0.46021427085500316,0.5128458498023716
yago_biographies,hubble-1b-500b_toks-perturbed-hf,0,Dup = 0 v/s Dup > 0,0.60588248,0.60550672,0.6145209600000001,0.59607312
yago_biographies,hubble-1b-500b_toks-perturbed-hf,1,Dup = 0 v/s Dup = 1,0.5064508398656216,0.5064909294512877,0.508820156774916,0.4993688689809631
yago_biographies,hubble-1b-500b_toks-perturbed-hf,4,Dup = 0 v/s Dup = 4,0.5566351623740202,0.5562315789473684,0.5650087346024636,0.5506315789473685
yago_biographies,hubble-1b-500b_toks-perturbed-hf,16,Dup = 0 v/s Dup = 16,0.6956860986547085,0.6947973094170403,0.714782062780269,0.6785533632286995
yago_biographies,hubble-1b-500b_toks-perturbed-hf,64,Dup = 0 v/s Dup = 64,0.9279150837988828,0.9267061452513967,0.9473720670391061,0.8989005586592179
yago_biographies,hubble-1b-500b_toks-perturbed-hf,256,Dup = 0 v/s Dup = 256,1.0,1.0,1.0,1.0
yago_biographies,hubble-1b-500b_toks-standard-hf,0,Dup = 0 v/s Dup > 0,0.49514992,0.49500952,0.50000864,0.49404304
yago_biographies,hubble-1b-500b_toks-standard-hf,1,Dup = 0 v/s Dup = 1,0.48754871220604706,0.4874631578947369,0.4986459126539753,0.48088734602463606
yago_biographies,hubble-1b-500b_toks-standard-hf,4,Dup = 0 v/s Dup = 4,0.49404344904815234,0.493989025755879,0.5009106382978723,0.49771914893617025
yago_biographies,hubble-1b-500b_toks-standard-hf,16,Dup = 0 v/s Dup = 16,0.5104026905829597,0.5100887892376682,0.494295067264574,0.5161022421524664
yago_biographies,hubble-1b-500b_toks-standard-hf,64,Dup = 0 v/s Dup = 64,0.493782122905028,0.49364469273743017,0.5181631284916202,0.4886614525139665
yago_biographies,hubble-1b-500b_toks-standard-hf,256,Dup = 0 v/s Dup = 256,0.5090786516853932,0.5083932584269664,0.49703820224719103,0.4896539325842697
yago_biographies,hubble-8b-500b_toks-perturbed-hf,0,Dup = 0 v/s Dup > 0,0.6922263200000001,0.69157496,0.71439696,0.67585136
yago_biographies,hubble-8b-500b_toks-perturbed-hf,1,Dup = 0 v/s Dup = 1,0.5377892497200447,0.5374985442329228,0.5710709966405375,0.5238880179171332
yago_biographies,hubble-8b-500b_toks-perturbed-hf,4,Dup = 0 v/s Dup = 4,0.652161254199328,0.6511552071668532,0.6862400895856663,0.6327856662933931
yago_biographies,hubble-8b-500b_toks-perturbed-hf,16,Dup = 0 v/s Dup = 16,0.8967264573991031,0.8956717488789238,0.8916565022421525,0.8715668161434977
yago_biographies,hubble-8b-500b_toks-perturbed-hf,64,Dup = 0 v/s Dup = 64,1.0,1.0,0.9945698324022346,1.0
yago_biographies,hubble-8b-500b_toks-perturbed-hf,256,Dup = 0 v/s Dup = 256,1.0,1.0,0.9832179775280899,1.0
yago_biographies,hubble-8b-500b_toks-standard-hf,0,Dup = 0 v/s Dup > 0,0.49876656,0.49881023999999996,0.5027592,0.49540048000000003
yago_biographies,hubble-8b-500b_toks-standard-hf,1,Dup = 0 v/s Dup = 1,0.4893025755879059,0.4894246360582307,0.4996094064949608,0.4794468085106383
yago_biographies,hubble-8b-500b_toks-standard-hf,4,Dup = 0 v/s Dup = 4,0.49863337066069424,0.4985612541993281,0.5030790593505039,0.5004425531914893
yago_biographies,hubble-8b-500b_toks-standard-hf,16,Dup = 0 v/s Dup = 16,0.5194466367713004,0.5194793721973094,0.5071040358744395,0.5230717488789238
yago_biographies,hubble-8b-500b_toks-standard-hf,64,Dup = 0 v/s Dup = 64,0.4863553072625698,0.4867083798882682,0.5049519553072626,0.48110837988826816
yago_biographies,hubble-8b-500b_toks-standard-hf,256,Dup = 0 v/s Dup = 256,0.5163865168539326,0.516238202247191,0.5049483146067416,0.49495280898876404
